<step title="BackgroundTrace" date="2026-01-20T11:13:36.804" instance="f8476c" url="/api/zipdeploy" method="POST" >
  <step title="Cleanup Xml Logs" date="2026-01-20T11:13:36.809" /><!-- duration: 8ms -->
  <step title="Creating temporary deployment - FetchDeploymentManager" date="2026-01-20T11:13:37.029" /><!-- duration: 11ms -->
  <step title="Creating temporary deployment" date="2026-01-20T11:13:37.052" /><!-- duration: 211ms -->
  <step title="Performing fetch based deployment" date="2026-01-20T11:13:37.373" >
    <step title="Cleaning up temp folders from previous zip deployments and extracting pushed zip file /tmp/zipdeploy/b59d690c-7899-4ce2-bab4-8a32b4eecf8e.zip (51.17 MB) to /tmp/zipdeploy/extracted" date="2026-01-20T11:13:38.856" >
      <step title="ChmodRecursive Process exited with total time taken in ms: 270" date="2026-01-20T11:13:43.797" /><!-- duration: 32ms -->
    </step><!-- duration: 5010ms -->
    <step title="Deployment timer started" date="2026-01-20T11:13:45.929" >
      <step title="DeploymentManager.Deploy(id:648b7bcc-5c1b-4766-adee-441a5e960bc0)" date="2026-01-20T11:13:45.938" >
        <step title="Collecting changeset information" date="2026-01-20T11:13:45.983" /><!-- duration: 209ms -->
        <step title="Updating submodules" date="2026-01-20T11:13:46.203" /><!-- duration: 1146ms -->
        <step title="Determining deployment builder" date="2026-01-20T11:13:47.600" >
          <step title="Builder is BasicBuilder" date="2026-01-20T11:13:47.628" /><!-- duration: 4ms -->
        </step><!-- duration: 37ms -->
        <step title="PreDeployment: context.CleanOutputPath False" date="2026-01-20T11:13:47.709" >
          <step title="PreDeployment: context.OutputPath /home/site/wwwroot" date="2026-01-20T11:13:47.832" >
            <step title="Building" date="2026-01-20T11:13:48.016" >
              <step title="Executing external process" date="2026-01-20T11:13:48.736" type="process" path="starter.sh" arguments="/opt/Kudu/Scripts/absoluteTar.sh /tmp/zipdeploy/extracted/node_modules /tmp/zipdeploy/extracted/node_modules.tar.gz" /><!-- duration: 19590ms -->
              <step title="Executing external process" date="2026-01-20T11:14:08.748" type="process" path="starter.sh" arguments="/opt/Kudu/Scripts/parallel_rsync.sh /tmp/zipdeploy/extracted /home/site/wwwroot 8 /tmp/ False True node_modules " /><!-- duration: 27399ms -->
              <step title="Triggering recycle (preview mode disabled)." date="2026-01-20T11:14:37.335" /><!-- duration: 11ms -->
              <step title="Modified file to trigger a restart of the app container." date="2026-01-20T11:14:37.379" /><!-- duration: 4ms -->
              <step title="Skip function trigger and logicapp sync because function is not enabled." date="2026-01-20T11:14:37.396" /><!-- duration: 11ms -->
            </step><!-- duration: 50129ms -->
          </step><!-- duration: 50317ms -->
          <step title="Cleaning up temp files" date="2026-01-20T11:14:38.153" /><!-- duration: 5ms -->
          <step title="Cleaning up temp files" date="2026-01-20T11:14:38.168" /><!-- duration: 517ms -->
          <step title="Reloading status file with latest updates" date="2026-01-20T11:14:38.709" >
            <step title="WebHooksManager.PublishEventAsync: PostDeployment" date="2026-01-20T11:14:38.717" /><!-- duration: 93ms -->
          </step><!-- duration: 105ms -->
          <step title="Cleaning up temporary deployment - fetch deployment was successful" date="2026-01-20T11:14:38.821" /><!-- duration: 4ms -->
        </step><!-- duration: 51213ms -->
      </step><!-- duration: 53003ms -->
